{"cameraMode":{"drawMode":0,"name":"Shaded","section":"Shading Mode"},"sceneLighting":true,"audioPlay":false,"sceneViewState":{"showFog":false,"showMaterialUpdate":false,"showSkybox":false,"showFlares":false,"showImageEffects":false,"showParticleSystems":false},"in2DMode":false,"pivot":{"x":75.34062194824219,"y":16.69607162475586,"z":632.9917602539063},"rotation":{"x":0.0003086819197051227,"y":0.05787038803100586,"z":-0.000018115233615390025,"w":0.9983181357383728},"size":675.0513916015625,"orthographic":false}