{"cameraMode":{"drawMode":0,"name":"Shaded","section":"Shading Mode"},"sceneLighting":true,"audioPlay":false,"sceneViewState":{"showFog":false,"showMaterialUpdate":false,"showSkybox":false,"showFlares":false,"showImageEffects":false,"showParticleSystems":false},"in2DMode":false,"pivot":{"x":-44.1303596496582,"y":-13.352041244506836,"z":0.7162123918533325},"rotation":{"x":0.1348695009946823,"y":-0.641513466835022,"z":0.11594648659229279,"w":0.7462083101272583},"size":191.0410919189453,"orthographic":false}